ts_receiver,acc_x,acc_y,acc_z,gyr_x,gyr_y,gyr_z,EMG
1734657922.530995,0.974,0.010,0.168,3.430,-1.260,-0.140,29.000
1734657922.53296,0.991,0.030,0.184,1.890,-1.470,-1.050,120.000
1734657922.5339658,0.995,0.031,0.183,0.700,-1.120,-1.050,0.000
1734657922.5917616,0.989,0.019,0.190,-0.070,-0.910,0.000,106.000
1734657922.5917616,0.994,-0.010,0.215,1.120,-0.630,1.400,135.000
1734657922.5934825,0.992,-0.026,0.226,3.290,0.280,1.960,16.000
1734657922.650722,0.993,-0.020,0.201,13.580,7.000,1.330,6.000
1734657922.6527624,0.970,0.018,0.218,11.760,8.260,-17.780,35.000
1734657922.653483,0.985,0.021,0.219,12.530,10.640,-0.840,13.000
1734657922.7101362,1.008,0.074,0.217,12.810,8.470,-2.380,4.000
1734657922.7714436,1.054,0.085,0.190,21.980,20.370,-1.330,130.000
1734657922.7724886,1.086,0.064,0.199,21.280,27.580,-0.420,0.000
1734657922.7734385,1.045,0.053,0.169,15.120,32.480,-3.500,229.000
1734657922.774922,0.935,0.027,0.226,4.900,17.570,-0.070,210.000
1734657922.8304965,0.908,0.007,0.167,6.020,5.740,6.650,67.000
1734657922.8314967,0.957,-0.067,0.232,2.240,-1.680,2.030,15.000
1734657922.8419504,0.965,-0.061,0.245,-1.610,-1.890,-0.840,55.000
1734657922.891523,0.918,-0.006,0.214,-4.550,-3.850,-2.450,0.000
1734657922.892531,0.991,0.016,0.227,5.040,-10.080,4.200,112.000
1734657922.8945296,1.034,0.022,0.231,5.390,-6.930,4.480,0.000
1734657923.0110166,1.039,0.000,0.256,2.520,-0.560,0.280,204.000
1734657923.012016,0.923,-0.025,0.235,6.020,-3.850,3.780,198.000
1734657923.0130188,0.900,0.014,0.253,8.610,-6.720,6.160,35.000
1734657923.0149257,0.911,0.069,0.256,7.980,-10.360,2.730,30.000
1734657923.0711994,0.987,0.050,0.278,-3.080,-1.260,-1.680,22.000
1734657923.0722268,0.953,0.013,0.254,-1.190,-0.630,-0.560,132.000
1734657923.0737574,0.955,-0.016,0.256,-0.700,-0.700,0.420,0.000
1734657923.1312652,0.963,-0.016,0.264,5.320,4.200,2.170,9.000
1734657923.1328769,0.995,0.107,0.258,7.630,3.500,-0.630,159.000
1734657923.1344807,1.020,0.118,0.254,2.100,5.810,-2.520,7.000
1734657923.2515626,1.022,0.060,0.232,-3.290,7.770,-3.500,23.000
1734657923.2525687,0.937,0.007,0.232,0.210,7.000,3.360,232.000
1734657923.2535703,0.940,0.010,0.238,1.540,4.760,4.340,127.000
1734657923.2556252,0.960,0.003,0.259,-1.190,3.850,1.050,187.000
1734657923.3114235,0.981,-0.018,0.237,-2.730,5.320,-3.850,0.000
1734657923.3124256,0.997,-0.009,0.242,1.610,1.470,4.620,0.000
1734657923.3144221,0.999,-0.012,0.240,2.030,1.820,5.250,18.000
1734657923.3711908,0.969,-0.005,0.234,-0.980,0.280,3.640,0.000
1734657923.3717308,0.961,-0.000,0.232,-2.030,-0.420,3.710,207.000
1734657923.3738964,0.947,0.006,0.239,-2.520,-2.380,3.990,0.000
1734657923.4311972,0.951,0.001,0.247,-3.360,-4.340,5.600,21.000
1734657923.4322042,0.983,0.009,0.283,-1.750,-2.170,5.600,75.000
1734657923.43359,0.982,0.017,0.285,-0.840,-0.630,5.110,21.000
1734657923.4915552,0.987,0.011,0.279,-1.960,1.190,3.430,9.000
1734657923.4925537,0.951,-0.004,0.276,-2.170,2.590,3.010,84.000
1734657923.494556,0.944,-0.008,0.276,-1.750,2.030,3.430,44.000
1734657923.550752,0.959,-0.014,0.273,1.610,0.980,4.620,206.000
1734657923.5518744,0.975,-0.004,0.290,2.310,1.330,4.130,183.000
1734657923.5534782,0.974,-0.002,0.289,0.840,1.120,3.360,3.000
1734657923.6707377,0.976,-0.013,0.282,0.980,1.050,2.660,10.000
1734657923.7299607,0.944,-0.005,0.289,1.330,2.030,4.270,242.000
1734657923.7324266,0.948,0.000,0.291,1.400,1.400,4.620,192.000
1734657923.7328074,0.986,-0.002,0.300,0.840,3.220,3.010,240.000
1734657923.734984,0.975,-0.029,0.277,-3.290,3.850,1.190,64.000
1734657923.7911348,0.955,-0.032,0.291,0.140,0.140,3.290,239.000
1734657923.792143,0.961,-0.020,0.293,1.190,-0.630,2.450,32.000
1734657923.7945297,0.957,-0.016,0.292,0.560,-0.560,2.590,24.000
1734657923.8513737,0.975,-0.010,0.305,1.540,0.070,3.710,10.000
1734657923.8523738,0.979,-0.011,0.309,-1.120,2.940,2.170,103.000
1734657923.8544173,0.963,-0.014,0.298,-2.800,3.500,1.960,104.000
1734657923.911565,0.952,-0.046,0.299,-1.190,2.450,2.100,200.000
1734657923.9125674,0.955,-0.036,0.300,0.210,1.050,1.470,154.000
1734657923.9136279,0.961,-0.026,0.293,-0.280,0.560,1.610,7.000
1734657924.0304844,0.949,-0.027,0.290,-2.240,0.490,1.820,4.000
1734657924.032551,0.972,-0.020,0.333,-0.630,3.290,2.380,200.000
1734657924.0335577,0.963,-0.015,0.332,-0.840,3.220,1.610,7.000
1734657924.0355613,0.974,-0.039,0.314,0.210,3.430,0.700,170.000
1734657924.1516001,0.968,-0.036,0.305,0.140,1.190,1.610,0.000
1734657924.1526017,0.945,-0.028,0.323,-4.480,-1.400,1.330,0.000
1734657924.153602,0.952,-0.021,0.327,-4.760,-2.170,0.420,15.000
1734657924.15566,0.964,-0.044,0.322,-7.070,3.080,-1.820,13.000
1734657924.3311524,0.978,-0.070,0.313,-3.010,2.310,0.560,0.000
1734657924.3311524,0.946,0.037,0.361,-3.850,4.690,-6.440,7.000
1734657924.332155,0.955,0.020,0.352,-5.670,5.320,-8.190,203.000
1734657924.3336978,0.956,-0.039,0.352,-5.040,9.170,-9.520,127.000
1734657924.391603,0.956,-0.060,0.348,7.000,10.430,-3.220,31.000
1734657924.4509873,0.931,-0.077,0.290,4.340,1.120,-0.630,230.000
1734657924.4514222,0.943,-0.062,0.297,3.780,-1.190,1.050,241.000
1734657924.4544275,0.964,-0.040,0.313,-1.610,-2.590,2.030,312.000
1734657924.4544275,0.955,-0.046,0.318,-8.820,-4.550,0.140,244.000
1734657924.7502046,0.977,-0.069,0.353,-12.040,0.000,-2.100,24.000
1734657924.8172655,0.922,-0.071,0.335,-5.810,-1.680,-0.070,196.000
1734657924.8172655,0.944,-0.045,0.347,-4.620,-3.500,0.630,0.000
1734657924.8172655,0.962,0.020,0.370,-7.910,-2.380,0.210,19.000
1734657924.8172655,0.943,-0.027,0.337,-11.270,-7.210,-11.130,43.000
1734657924.8812683,0.947,-0.047,0.332,-8.050,-4.550,5.320,228.000
1734657924.8822649,0.944,-0.065,0.325,-14.630,-8.470,2.940,0.000
1734657924.8822649,0.942,-0.090,0.322,-12.810,-7.140,4.130,161.000
1734657924.930264,0.939,-0.117,0.339,-10.920,-7.210,5.810,69.000
1734657924.9322639,0.927,-0.121,0.363,-7.140,-6.230,8.470,112.000
1734657924.9332664,0.911,-0.100,0.352,-4.620,-8.890,10.080,14.000
1734657925.0562675,0.925,-0.086,0.348,-1.190,-10.640,9.870,48.000
1734657925.0562675,0.946,-0.056,0.336,2.100,-12.460,7.490,87.000
1734657925.1802647,0.948,-0.060,0.342,2.380,-12.110,6.720,0.000
1734657925.1812644,0.957,-0.071,0.346,1.960,-9.940,7.420,244.000
1734657925.1812644,0.969,-0.070,0.354,-0.070,-9.310,7.420,0.000
1734657925.1812644,0.929,-0.073,0.314,-2.800,-10.500,6.300,216.000
1734657925.2312634,0.935,-0.078,0.305,-4.340,-11.690,6.930,3.000
1734657925.232263,0.967,-0.128,0.299,-5.670,-13.860,5.390,291.000
1734657925.2912648,0.957,-0.141,0.293,-5.320,-16.030,8.120,215.000
1734657925.2922635,0.955,-0.163,0.315,-4.410,-15.050,10.150,163.000
1734657925.2932632,0.944,-0.226,0.294,0.420,-15.750,17.780,69.000
1734657925.295263,0.947,-0.191,0.285,-3.010,-13.930,12.530,0.000
1734657925.355264,0.942,-0.183,0.296,0.420,-12.460,12.040,41.000
1734657925.4115584,0.967,-0.175,0.275,-2.310,-10.220,10.220,117.000
1734657925.4700625,0.967,-0.157,0.266,-1.680,-11.760,9.870,25.000
1734657925.5306356,0.938,-0.173,0.244,0.070,-14.140,14.420,207.000
1734657925.531654,0.957,-0.144,0.251,-2.590,-13.160,11.830,164.000
1734657925.532636,0.951,-0.170,0.248,-1.120,-15.890,9.520,11.000
1734657925.5346997,0.944,-0.202,0.240,-4.060,-16.660,10.920,144.000
1734657925.5906847,0.950,-0.193,0.224,-3.850,-17.010,9.730,0.000
1734657925.5927842,0.944,-0.182,0.210,2.170,-21.910,11.900,164.000
1734657925.5937839,0.951,-0.180,0.208,2.240,-22.470,11.130,8.000
1734657925.6515675,0.991,-0.194,0.182,0.210,-20.230,11.480,0.000
1734657925.6525655,0.990,-0.163,0.190,-6.160,-17.710,8.820,237.000
1734657925.7111578,0.999,-0.164,0.180,-6.930,-17.290,7.700,177.000
1734657925.7707102,0.984,-0.163,0.181,-10.640,-17.150,5.810,95.000
1734657925.7715235,0.979,-0.161,0.179,-14.070,-15.330,4.130,212.000
1734657925.7725244,0.981,-0.177,0.185,-14.910,-15.260,6.230,0.000
1734657925.77453,0.971,-0.247,0.223,-23.660,-11.620,3.640,31.000
1734657925.8310707,0.977,-0.271,0.206,-12.950,-5.950,5.180,194.000
1734657925.8321006,0.980,-0.209,0.158,-4.620,-10.430,7.560,0.000
1734657925.8340678,0.970,-0.234,0.148,-5.810,-10.290,5.740,55.000
1734657925.8909135,0.938,-0.239,0.175,-7.210,-9.590,7.280,11.000
1734657925.891919,0.938,-0.224,0.180,-6.510,-9.310,7.350,236.000
1734657925.893917,0.961,-0.231,0.169,-5.810,-8.820,6.370,42.000
1734657925.9511666,0.970,-0.214,0.162,-8.750,-7.980,5.460,0.000
1734657925.9521658,0.959,-0.189,0.144,-17.290,-10.570,8.680,258.000
1734657925.9538329,0.973,-0.065,0.144,-27.020,-9.520,4.760,184.000
1734657926.0112221,0.946,-0.242,0.147,-21.630,-5.740,5.110,163.000
1734657926.0122218,0.931,-0.233,0.123,-23.030,-7.350,4.550,224.000
1734657926.0145733,0.943,-0.240,0.127,-22.120,-8.680,4.760,8.000
1734657926.0722446,0.935,-0.251,0.106,-19.670,-9.730,6.300,0.000
1734657926.0722446,0.961,-0.233,0.109,-19.040,-12.810,6.720,177.000
1734657926.0735693,0.956,-0.243,0.105,-18.410,-12.950,11.620,197.000
1734657926.132303,0.956,-0.268,0.094,-21.980,-15.330,15.960,215.000
1734657926.1333063,0.957,-0.249,0.080,-24.360,-10.500,4.410,196.000
1734657926.1333063,0.970,-0.263,0.069,-25.690,-7.280,3.360,29.000
1734657926.1905584,0.969,-0.289,0.065,-24.500,-5.040,2.940,0.000
1734657926.1929548,0.984,-0.318,0.072,-12.810,-14.140,4.970,190.000
1734657926.193957,0.966,-0.307,0.030,-14.770,-10.990,8.750,159.000
1734657926.250864,0.957,-0.362,0.032,-16.730,-8.050,5.460,114.000
1734657926.2528415,0.952,-0.346,0.065,-9.520,-11.550,7.980,96.000
1734657926.2535565,0.942,-0.330,0.058,-6.020,-13.090,9.870,0.000
1734657926.310678,0.956,-0.332,0.037,-7.770,-11.900,8.820,140.000
1734657926.3126783,0.943,-0.333,0.052,-10.710,-7.420,6.720,42.000
1734657926.314517,0.934,-0.321,0.056,-6.790,-10.080,7.840,62.000
1734657926.3715057,0.955,-0.279,0.053,-2.450,-14.980,6.230,137.000
1734657926.3715057,0.933,-0.286,0.020,-8.750,-9.380,8.330,79.000
1734657926.3746688,0.932,-0.292,0.048,-12.040,-7.700,5.040,0.000
1734657926.4305432,0.928,-0.379,0.040,-5.950,-1.540,2.310,147.000
1734657926.431893,0.947,-0.386,0.045,5.600,-4.900,1.680,130.000
1734657926.4345129,0.943,-0.378,0.032,11.550,-9.660,1.960,0.000
1734657926.491183,0.966,-0.311,0.005,18.970,-16.800,1.750,142.000
1734657926.4922514,0.974,-0.281,-0.014,7.140,-5.530,0.280,96.000
1734657926.4941816,0.972,-0.302,0.000,0.700,-0.140,-0.280,0.000
1734657926.5512505,0.943,-0.354,0.044,3.360,-1.400,1.050,158.000
1734657926.6126642,0.924,-0.336,0.061,14.840,-12.110,2.030,35.000
1734657926.670171,0.921,-0.322,0.059,17.220,-16.590,1.680,0.000
1734657926.6716232,0.930,-0.245,0.016,12.180,-10.010,-1.960,109.000
1734657926.673363,0.951,-0.264,0.034,2.660,-2.030,-5.670,128.000
1734657926.6745727,0.935,-0.289,0.084,3.710,-8.330,-3.640,0.000
1734657926.7324383,0.907,-0.277,0.072,3.220,-4.060,-9.030,25.000
1734657926.7334445,0.976,-0.310,0.028,-0.980,-2.100,-9.450,189.000
1734657926.7344658,0.963,-0.316,0.010,-3.710,-2.450,-8.680,17.000
1734657926.7920687,0.971,-0.339,0.018,-1.750,-6.230,-7.840,16.000
1734657926.850564,0.946,-0.341,-0.017,-4.060,-3.920,-4.270,123.000
1734657926.8515627,0.941,-0.340,-0.004,-5.460,-5.390,-3.430,82.000
1734657926.852565,0.934,-0.342,-0.008,-6.440,-8.960,-1.120,10.000
1734657926.8545632,0.949,-0.349,0.000,-1.190,-4.620,-0.770,167.000
1734657926.9112883,0.961,-0.321,0.029,5.950,-7.140,-3.290,0.000
1734657926.9122815,0.938,-0.280,0.009,11.060,-8.540,-1.260,251.000
1734657926.9139495,0.959,-0.263,0.021,9.940,-6.790,-1.750,164.000
1734657926.9717124,0.985,-0.226,0.030,6.160,-6.370,-1.890,167.000
1734657926.972762,0.995,-0.236,0.030,-0.980,-4.340,-3.640,90.000
1734657926.9746332,0.978,-0.232,0.018,-2.380,-3.150,-3.850,0.000
1734657927.031073,0.955,-0.236,0.041,-1.680,-5.950,-5.250,144.000
1734657927.03226,0.957,-0.248,0.033,-1.190,-4.830,-8.190,152.000
1734657927.0336175,0.942,-0.245,0.057,-0.490,-5.390,-7.770,15.000
1734657927.0916085,0.954,-0.265,0.076,-0.910,-4.550,-9.030,20.000
1734657927.0926144,0.973,-0.263,0.094,3.780,-5.390,-8.750,213.000
1734657927.0946147,0.992,-0.266,0.084,2.590,-4.830,-9.660,143.000
1734657927.151483,0.989,-0.257,0.049,0.350,1.050,-10.780,155.000
1734657927.1524897,0.961,-0.303,0.031,-5.250,4.760,-10.360,59.000
1734657927.1554909,0.954,-0.325,0.021,-6.020,6.440,-8.890,60.000
1734657927.2108748,0.924,-0.346,0.019,2.310,1.890,-4.830,183.000
1734657927.2711987,0.935,-0.309,-0.020,9.800,-4.760,-2.590,79.000
1734657927.3310645,0.935,-0.273,-0.034,9.170,-3.430,-2.240,0.000
1734657927.332091,0.954,-0.247,-0.019,4.900,0.560,-4.060,43.000
1734657927.333922,0.992,-0.209,-0.025,4.340,1.540,-6.230,36.000
1734657927.3351693,0.978,-0.184,-0.014,3.640,-5.320,-6.790,20.000
1734657927.391211,0.976,-0.180,-0.018,-6.160,-3.010,-9.170,41.000
1734657927.393213,0.966,-0.195,0.015,-15.470,-6.090,-9.660,18.000
1734657927.3940558,0.970,-0.213,0.023,-16.310,-4.410,-10.500,173.000
1734657927.4518793,0.963,-0.243,0.029,-11.620,-5.950,-12.530,88.000
1734657927.4528878,0.979,-0.292,0.020,-7.630,-3.500,-12.880,132.000
1734657927.4539893,0.969,-0.261,0.010,-8.820,-1.400,-13.020,18.000
1734657927.5714965,0.984,-0.286,0.052,-5.460,-2.870,-11.270,79.000
1734657927.57244,0.987,-0.344,0.004,-1.400,0.280,-9.170,77.000
1734657927.573439,0.981,-0.364,0.020,-0.210,-0.490,-8.260,0.000
1734657927.6300807,0.950,-0.351,0.015,7.490,-3.080,-2.310,19.000
1734657927.6310914,0.963,-0.314,0.001,18.060,-3.220,2.310,0.000
1734657927.6320887,0.976,-0.221,0.001,18.900,-0.840,1.610,158.000
1734657927.635144,0.979,-0.225,0.026,17.710,-1.610,2.170,7.000
1734657927.691467,0.984,-0.240,0.002,13.230,5.670,-0.210,0.000
1734657927.692533,0.997,-0.297,0.000,20.650,0.840,2.730,14.000
1734657927.7506073,0.995,-0.236,0.001,16.450,6.650,0.070,167.000
1734657927.9312098,0.961,-0.219,0.025,14.420,2.100,2.450,0.000
1734657927.932153,0.958,-0.200,0.041,8.820,6.720,-0.910,109.000
1734657927.9331613,0.953,-0.198,0.051,7.980,8.260,-3.220,70.000
1734657927.9347622,0.965,-0.206,0.090,13.650,12.320,-5.180,130.000
1734657927.9902492,0.999,-0.160,0.108,13.720,5.040,-4.760,8.000
1734657927.9925745,1.009,-0.165,0.002,18.830,9.380,-6.370,151.000
1734657927.9935093,1.000,-0.192,0.001,22.190,9.240,-7.490,0.000
1734657928.0513797,0.976,-0.181,-0.003,11.130,4.830,-4.550,23.000
1734657928.0523798,0.965,-0.156,0.000,2.870,3.430,-3.500,247.000
1734657928.0543795,0.958,-0.148,0.004,-4.410,2.030,-4.270,220.000
1734657928.1112201,0.949,-0.160,0.062,-7.560,1.960,-7.770,0.000
1734657928.171351,0.966,-0.195,0.084,-3.850,2.800,-9.940,130.000
1734657928.2305412,0.974,-0.184,0.101,-4.200,2.100,-13.580,0.000
1734657928.232167,0.987,-0.201,0.125,2.520,-4.130,-9.940,151.000
1734657928.2334874,0.980,-0.164,0.174,3.710,-4.410,-7.210,0.000
1734657928.236493,0.989,-0.156,0.166,1.820,2.030,-9.940,0.000
1734657928.2915573,1.006,-0.205,0.157,6.860,6.300,-9.800,0.000
1734657928.3504586,0.963,-0.184,0.156,3.780,5.180,-1.820,161.000
1734657928.3514776,0.948,-0.172,0.147,4.760,5.880,-1.680,152.000
1734657928.3523088,0.959,-0.187,0.162,3.150,5.880,-3.920,0.000
1734657928.3543973,0.981,-0.200,0.143,8.750,2.240,-4.060,0.000
1734657928.4710753,0.976,-0.183,0.126,9.100,1.330,-3.920,0.000
1734657928.473045,1.005,-0.132,0.115,4.130,2.870,-3.500,152.000
1734657928.474053,1.001,-0.124,0.114,0.000,4.760,-4.480,0.000
1734657928.53418,0.989,-0.122,0.130,-7.980,8.190,-6.090,0.000
1734657928.53418,0.978,-0.203,0.193,-5.740,2.660,-5.530,150.000
1734657928.53418,0.968,-0.142,0.181,4.900,5.740,-4.340,0.000
1734657928.5371876,0.976,-0.142,0.181,4.340,5.740,-3.990,33.000
1734657928.6521704,0.980,-0.171,0.176,6.230,3.010,-3.850,0.000
1734657928.6521704,0.984,-0.183,0.156,9.940,2.170,-3.080,121.000
1734657928.6548955,0.981,-0.166,0.142,11.480,3.780,-2.940,0.000
1734657928.711077,0.986,-0.135,0.132,8.260,3.640,-4.200,169.000
1734657928.7708952,0.978,-0.151,0.125,-3.990,3.990,-5.810,292.000
1734657928.8310876,0.965,-0.161,0.195,9.450,0.000,-2.450,17.000
1734657928.8320937,0.981,-0.150,0.207,12.530,-2.450,-2.730,43.000
1734657928.834094,0.987,-0.112,0.218,13.650,-4.200,-3.500,0.000
1734657928.83501,1.001,-0.088,0.212,4.340,4.970,-5.880,116.000
1734657928.9512188,0.969,-0.085,0.251,-0.980,15.890,-9.310,0.000
1734657928.9512188,0.985,-0.079,0.231,3.360,17.920,-12.600,17.000
1734657928.9532213,0.990,-0.096,0.222,-0.280,17.710,-12.810,0.000
1734657928.9542205,0.999,-0.126,0.210,-3.850,19.040,-10.570,67.000
1734657929.0110574,0.946,-0.098,0.208,4.060,25.060,-9.800,5.000
1734657929.071065,0.959,-0.036,0.259,-13.370,26.040,-21.280,175.000
1734657929.0720649,1.034,-0.091,0.264,-11.340,25.480,-18.480,22.000
1734657929.0728257,1.034,-0.026,0.320,-12.180,58.870,-25.970,53.000
1734657929.0751328,1.023,-0.066,0.309,-23.170,60.690,-34.090,0.000
1734657929.1310716,0.892,-0.108,0.335,-24.150,45.780,-29.820,0.000
1734657929.1326482,0.898,-0.017,0.385,-9.030,20.790,-13.860,179.000
1734657929.1338606,0.851,-0.033,0.394,-4.620,12.530,-10.850,17.000
1734657929.2515676,0.907,-0.083,0.395,4.480,13.790,-15.190,71.000
1734657929.2525685,0.944,-0.077,0.363,3.990,15.610,-13.720,229.000
1734657929.2535703,0.904,-0.061,0.334,5.250,13.580,-14.700,48.000
1734657929.3702233,0.926,-0.051,0.298,3.290,15.610,-13.510,60.000
1734657929.3712218,0.951,-0.091,0.355,-7.280,7.630,-5.180,182.000
1734657929.3732483,0.951,-0.007,0.359,-3.710,3.220,-5.670,171.000
1734657929.432196,0.935,-0.006,0.362,-5.950,2.660,-6.650,225.000
1734657929.432196,0.972,-0.045,0.386,-13.160,4.480,-9.030,266.000
1734657929.433205,0.891,-0.029,0.397,-1.400,-2.660,-5.110,123.000
1734657929.49038,0.937,-0.027,0.357,-1.960,-4.060,-4.060,118.000
1734657929.5522053,0.907,-0.012,0.375,-1.050,-3.290,-5.250,192.000
1734657929.5522053,0.904,0.023,0.347,-1.190,-4.060,-2.240,161.000
1734657929.5545359,0.919,0.014,0.394,1.540,-6.720,-3.220,152.000
1734657929.5560405,0.920,0.015,0.397,-5.040,-5.460,-3.360,203.000
1734657929.6715083,0.919,-0.123,0.402,-2.800,-4.410,-7.070,0.000
1734657929.6725085,0.932,0.069,0.402,4.830,-4.550,-3.500,149.000
1734657929.6735244,0.930,0.058,0.383,-0.490,-4.760,-4.480,0.000
1734657929.675533,0.897,-0.621,0.428,-22.540,-7.000,-10.500,202.000
1734657929.7312074,0.939,-0.036,0.441,-3.220,-3.780,0.000,106.000
1734657929.7327826,0.950,0.004,0.373,-0.490,-2.730,-1.820,116.000
1734657929.7337813,0.956,0.026,0.361,-0.560,-2.380,-2.380,184.000
1734657929.791493,0.949,0.018,0.355,-3.990,-1.960,-4.340,210.000
1734657929.852429,0.935,-0.017,0.372,-1.120,-2.520,-0.700,203.000
1734657929.9108644,0.930,0.002,0.368,1.330,-1.820,-0.140,161.000
1734657929.911918,0.957,0.007,0.414,-0.420,-1.540,-1.960,188.000
1734657929.9137895,0.935,-0.027,0.424,-0.280,-0.280,-2.660,140.000
1734657929.9157958,0.936,-0.001,0.400,-1.610,0.700,-4.130,126.000
1734657929.9732122,0.932,0.015,0.363,-2.520,-0.490,-3.080,12.000
1734657929.9732122,0.945,-0.034,0.389,0.210,0.210,-2.240,216.000
1734657929.9742172,0.948,-0.027,0.393,2.170,-0.210,-0.840,0.000
1734657930.0317252,0.928,-0.023,0.357,3.290,-0.840,-0.070,0.000
1734657930.0317252,0.947,-0.034,0.372,4.830,-1.190,-0.630,246.000
1734657930.033809,0.937,-0.026,0.356,5.250,-1.050,-0.770,105.000
1734657930.090702,0.947,-0.009,0.364,4.620,-1.960,-0.700,233.000
1734657930.0927668,0.944,-0.013,0.394,2.800,-0.980,1.960,261.000
1734657930.093702,0.938,-0.020,0.396,4.270,-1.120,3.080,167.000
1734657930.21035,0.927,0.010,0.394,6.160,0.210,4.550,116.000
1734657930.2116554,0.929,0.029,0.432,5.040,2.380,1.750,27.000
1734657930.2127073,0.930,0.015,0.444,2.660,1.540,-0.770,212.000
1734657930.2137227,0.921,-0.014,0.407,1.470,2.730,-2.940,194.000
1734657930.3910587,0.941,-0.037,0.400,9.310,1.680,0.840,207.000
1734657930.3920581,0.951,-0.000,0.389,6.300,-1.820,4.130,214.000
1734657930.3930655,0.942,-0.001,0.380,3.710,-2.660,2.590,232.000
1734657930.3941774,0.958,0.002,0.395,1.400,-2.520,1.120,142.000
1734657930.4515092,0.909,0.006,0.383,-6.650,-3.430,-0.700,0.000
1734657930.4515092,0.923,-0.052,0.411,-0.700,-3.220,-0.070,172.000
1734657930.4545536,0.917,-0.037,0.405,2.380,-3.780,2.520,18.000
1734657930.5114875,0.922,0.072,0.401,7.630,-4.970,6.440,158.000
1734657930.512481,0.942,0.059,0.413,4.340,-1.330,4.480,120.000
1734657930.5142121,0.948,0.037,0.351,3.290,-1.400,3.290,4.000
1734657930.5710728,0.950,-0.044,0.369,-3.150,-0.630,0.210,136.000
1734657930.5718982,0.943,-0.036,0.410,1.120,-1.260,-0.350,99.000
1734657930.5743728,0.965,-0.026,0.425,-0.700,-0.630,0.070,26.000
1734657930.6912293,0.951,-0.027,0.377,-4.410,0.070,-1.470,30.000
1734657930.6922398,0.971,-0.032,0.381,3.640,-0.700,2.310,45.000
1734657930.6932359,0.961,-0.014,0.331,6.790,-3.500,2.520,45.000
1734657930.6956031,0.934,-0.028,0.329,1.120,-3.080,3.990,11.000
1734657930.9316828,0.942,-0.005,0.416,-2.100,-1.330,5.180,0.000
1734657930.932682,0.914,-0.043,0.400,-3.290,1.260,-2.380,224.000
1734657930.9336836,0.926,-0.042,0.391,-1.120,1.750,-1.610,17.000
1734657930.9346824,0.940,-0.013,0.411,4.970,1.820,1.610,214.000
1734657931.0510569,0.922,0.013,0.382,3.430,-3.080,2.240,27.000
1734657931.0520642,0.957,-0.043,0.341,7.840,-21.210,10.010,18.000
1734657931.0541203,0.927,-0.006,0.337,4.200,-18.760,7.140,306.000
1734657931.0550632,0.968,-0.014,0.335,4.340,-16.520,5.670,155.000
1734657931.111261,0.957,-0.041,0.367,-6.580,-11.270,3.710,238.000
1734657931.112267,0.946,-0.013,0.364,-9.590,-14.350,6.510,138.000
1734657931.1143405,0.951,-0.015,0.357,-9.520,-13.370,6.860,223.000
1734657931.1707606,0.943,-0.034,0.350,-10.640,-11.690,5.250,142.000
1734657931.1727629,0.950,-0.047,0.338,-10.010,-8.330,5.320,39.000
1734657931.1748176,0.938,-0.063,0.365,-5.320,-9.660,6.300,0.000
1734657931.2306306,0.934,-0.046,0.403,-4.060,-13.440,7.070,118.000
1734657931.2326295,0.931,-0.040,0.400,-6.720,-13.230,6.160,21.000
1734657931.2336297,0.956,-0.053,0.399,-5.110,-11.410,7.210,50.000
1734657931.2919044,0.939,-0.055,0.383,-4.620,-8.400,4.900,0.000
1734657931.2929108,0.925,-0.033,0.373,-7.630,-3.360,3.990,0.000
1734657931.2939563,0.930,-0.027,0.369,-7.560,-3.570,3.850,129.000
1734657931.350523,0.944,-0.027,0.357,-6.090,-5.320,4.200,7.000
1734657931.3515234,0.921,-0.049,0.305,-4.480,-8.960,5.250,184.000
1734657931.3537085,0.966,-0.054,0.302,-3.920,-9.870,4.900,221.000
1734657931.471563,0.956,-0.067,0.285,-3.150,-10.850,5.390,109.000
1734657931.472563,0.953,-0.064,0.315,-1.050,-12.880,5.530,7.000
1734657931.4735641,0.956,-0.070,0.319,-0.840,-13.930,5.950,0.000
1734657931.4763377,0.951,-0.054,0.302,-4.620,-14.630,5.740,143.000
1734657931.534179,0.953,-0.066,0.296,-9.660,-11.270,5.670,121.000
1734657931.534179,0.963,-0.092,0.309,-9.730,-9.590,2.520,0.000
1734657931.5351255,0.984,-0.095,0.311,-7.630,-9.940,1.680,42.000
1734657931.5915396,0.975,-0.097,0.307,-7.910,-11.410,2.590,146.000
1734657931.5925417,0.965,-0.072,0.318,-10.920,-5.600,0.420,261.000
1734657931.5935402,0.959,-0.093,0.278,-5.110,-8.470,2.660,157.000
1734657931.6508408,0.959,-0.092,0.302,-4.270,-9.660,3.080,134.000
1734657931.6528666,0.983,-0.092,0.295,-2.800,-12.180,3.640,7.000
1734657931.6538527,0.987,-0.114,0.290,1.120,-11.690,5.670,146.000
1734657931.7719946,0.963,-0.109,0.287,-0.910,-11.060,3.150,3.000
1734657931.775225,0.974,-0.095,0.272,-0.280,-9.450,4.410,7.000
1734657931.775225,0.949,-0.104,0.260,0.980,-10.850,7.630,156.000
1734657931.775225,0.958,-0.084,0.257,-2.100,-10.570,3.570,124.000
1734657931.892263,1.019,-0.095,0.236,-4.970,-14.770,5.040,47.000
1734657931.8932767,0.959,-0.102,0.252,-6.020,-14.700,6.160,0.000
1734657931.8942835,0.933,-0.091,0.228,-5.950,-15.400,7.630,332.000
1734657931.8952844,0.941,-0.106,0.246,-3.360,-18.340,6.440,216.000
1734657931.9515586,0.975,-0.116,0.240,1.330,-22.540,8.050,192.000
1734657932.0122542,0.969,-0.129,0.238,-17.290,-12.460,7.700,0.000
1734657932.0122542,0.962,-0.134,0.238,-17.990,-12.950,8.400,35.000
1734657932.0132594,0.955,-0.132,0.230,-16.380,-15.050,8.470,145.000
1734657932.015001,0.963,-0.136,0.216,-13.440,-18.620,9.170,0.000
1734657932.071414,0.987,-0.135,0.219,-16.100,-18.410,9.660,28.000
1734657932.134454,0.978,-0.184,0.207,-14.980,-17.150,7.280,5.000
1734657932.1906352,0.977,-0.178,0.206,-12.390,-17.220,7.560,40.000
1734657932.251046,0.976,-0.177,0.198,-12.880,-18.690,8.120,155.000
1734657932.252046,0.966,-0.187,0.169,-15.820,-17.710,10.850,0.000
1734657932.254048,0.951,-0.197,0.192,-19.390,-14.070,11.970,0.000
1734657932.2550461,0.985,-0.193,0.178,-12.530,-12.530,5.390,108.000
1734657932.3107677,0.963,-0.163,0.184,-16.170,-13.370,8.680,90.000
1734657932.3118243,0.964,-0.220,0.138,-20.440,-4.270,4.060,0.000
1734657932.313533,0.966,-0.220,0.127,-18.970,-4.270,3.220,0.000
1734657932.372702,0.962,-0.223,0.125,-16.870,-5.390,4.550,215.000
1734657932.4926302,0.967,-0.227,0.102,-10.290,-11.620,6.230,211.000
1734657932.4926302,0.985,-0.271,0.112,-9.380,-10.220,14.210,185.000
1734657932.610781,1.004,-0.223,0.116,-10.640,-11.340,10.430,102.000
1734657932.6120114,0.993,-0.213,0.122,-17.640,-7.910,3.640,1.000
1734657932.6130319,0.977,-0.260,0.123,-20.440,-6.090,6.160,0.000
1734657932.6150212,0.984,-0.234,0.113,4.830,-9.380,7.070,19.000
1734657932.671137,0.982,-0.251,0.113,2.310,-9.520,10.640,184.000
1734657932.6721356,0.920,-0.299,0.114,0.770,-1.050,4.760,101.000
1734657932.730322,0.933,-0.313,0.100,7.700,-3.710,4.340,198.000
1734657932.731322,0.982,-0.297,0.099,14.210,-3.430,3.430,90.000
1734657932.7333217,0.991,-0.250,0.116,20.720,-12.250,7.280,0.000
1734657932.7343237,0.978,-0.211,0.066,19.250,-11.340,6.370,14.000
1734657932.7922592,0.979,-0.171,0.067,7.140,-3.220,8.330,72.000
1734657932.7922592,0.986,-0.191,0.085,-7.210,2.240,2.870,158.000
1734657932.793857,0.980,-0.208,0.080,-7.770,2.240,1.540,209.000
1734657932.8515425,0.960,-0.251,0.069,-8.400,1.400,0.700,230.000
1734657932.8535414,0.909,-0.309,0.077,8.680,-5.670,0.140,23.000
1734657932.8535414,0.902,-0.291,0.089,14.210,-8.470,-1.750,0.000
1734657932.912035,0.936,-0.253,0.059,16.870,-6.790,-5.320,121.000
1734657932.912035,0.963,-0.196,0.074,12.040,-7.000,-4.200,43.000
1734657932.914521,0.968,-0.212,0.087,8.610,-8.540,-1.960,198.000
1734657932.9723148,0.968,-0.358,0.087,-3.360,-4.900,-1.260,113.000
1734657932.9723148,0.940,-0.303,0.061,1.960,-3.360,0.910,227.000
1734657932.974315,0.941,-0.301,0.063,3.920,-2.660,-0.420,21.000
1734657933.0314379,0.987,-0.282,0.051,10.850,-10.570,-1.610,157.000
1734657933.0324428,0.989,-0.258,0.052,7.210,-14.070,0.420,145.000
1734657933.0339956,0.966,-0.258,0.037,7.700,-15.050,4.620,80.000
1734657933.0930026,0.977,-0.245,0.068,-5.390,-10.640,0.350,49.000
1734657933.0942073,0.957,-0.257,0.059,-8.470,-7.000,0.560,30.000
1734657933.0942073,0.943,-0.270,0.063,-9.730,-7.700,0.840,110.000
1734657933.1517043,0.940,-0.274,0.083,-5.600,-9.170,-0.070,88.000
1734657933.1527052,0.957,-0.298,0.067,2.100,-13.510,-2.660,35.000
1734657933.153705,0.970,-0.296,0.056,0.490,-12.950,-1.890,170.000
1734657933.4509702,0.968,-0.271,0.066,1.540,-12.600,-2.100,78.000
1734657933.4519064,0.975,-0.235,0.056,-0.840,-12.670,-1.120,57.000
1734657933.4540677,0.975,-0.217,0.050,-2.520,-13.020,-1.680,112.000
1734657933.5730782,0.999,-0.236,0.046,-7.630,-12.110,-0.980,217.000
1734657933.5730782,0.931,-0.308,0.039,-12.110,-7.420,-1.050,106.000
1734657933.6315575,0.947,-0.289,0.022,-1.190,-13.580,0.070,0.000
1734657933.7509422,0.952,-0.304,0.013,-1.330,-11.410,-0.840,0.000
1734657933.8117752,0.926,-0.341,-0.013,3.920,-13.370,-0.140,153.000
1734657933.931186,0.959,-0.288,-0.016,6.090,-14.980,7.000,0.000
1734657933.9926062,1.016,-0.285,-0.005,3.640,-15.050,7.560,51.000
1734657933.9936056,0.944,-0.316,-0.011,7.140,-13.370,5.460,184.000
1734657934.110497,0.977,-0.314,-0.026,0.910,-7.420,3.220,89.000
1734657934.3505433,0.979,-0.292,-0.020,4.760,-3.220,-1.540,100.000
1734657934.3515432,0.956,-0.238,-0.028,5.460,-0.210,-3.430,242.000
1734657934.3525429,0.908,-0.248,-0.043,-11.200,5.180,-3.430,0.000
1734657934.3555484,0.933,-0.258,-0.037,-8.820,2.940,-5.110,151.000
1734657934.4716606,0.946,-0.249,-0.049,-12.040,4.900,-5.600,0.000
1734657934.5310438,0.955,-0.273,-0.034,7.910,1.470,0.630,33.000
1734657934.5310438,0.945,-0.266,-0.014,7.980,-1.820,0.770,60.000
1734657934.5323923,0.952,-0.288,-0.029,1.960,1.750,1.540,127.000
1734657934.5344,0.936,-0.288,-0.027,7.980,0.000,0.700,0.000
1734657934.5921602,0.928,-0.226,-0.028,12.250,-1.890,0.840,111.000
1734657934.5931585,0.984,-0.148,0.007,-3.570,3.360,-2.660,0.000
1734657934.5936673,0.980,-0.169,0.020,-5.390,4.970,-3.290,0.000
1734657934.6528883,0.987,-0.225,0.002,-12.460,13.790,-4.410,0.000
1734657934.7108626,1.122,-0.199,0.044,-10.850,6.790,-10.360,0.000
1734657934.7129939,0.887,-0.281,0.018,-7.140,4.900,-11.620,78.000
1734657934.8898807,0.972,-0.275,0.012,-13.090,12.040,-8.750,0.000
1734657934.8918808,0.954,-0.293,0.031,-3.920,5.110,-5.320,190.000
1734657934.95185,0.977,-0.261,0.012,-2.450,6.930,-3.850,98.000
1734657934.953851,0.980,-0.263,0.016,-6.580,7.910,-3.850,177.000
1734657934.95491,0.941,-0.288,-0.009,-3.570,10.780,-3.150,174.000
1734657934.9574082,0.999,-0.194,0.069,-6.160,3.360,-4.620,0.000
1734657935.0114338,0.993,-0.207,0.074,-11.620,11.410,-6.300,0.000
1734657935.0124347,0.949,-0.387,0.035,-1.120,6.090,-9.170,0.000
1734657935.0136905,0.964,-0.299,0.071,-4.270,10.780,-3.150,78.000
1734657935.1915066,0.963,-0.295,0.065,3.430,6.300,-3.920,0.000
1734657935.1915066,0.980,-0.277,0.058,11.620,5.810,-3.920,0.000
1734657935.193976,0.976,-0.273,0.048,11.620,7.280,-3.850,106.000
1734657935.2505322,0.980,-0.234,0.051,9.170,8.680,-4.480,5.000
1734657935.2516115,0.980,-0.233,0.052,5.390,14.420,-4.410,0.000
1734657935.2524981,0.963,-0.224,0.090,3.220,7.000,-5.110,82.000
1734657935.2544522,0.980,-0.244,0.083,5.740,7.000,-4.270,151.000
1734657935.3730576,0.969,-0.271,0.078,11.760,0.910,-1.260,32.000
1734657935.3730576,0.948,-0.274,0.080,18.970,-6.510,1.470,0.000
1734657935.431259,0.986,-0.250,0.056,16.590,-13.090,-6.300,166.000
1734657935.5499053,0.987,-0.245,0.095,25.480,2.660,-3.990,129.000
1734657935.6720204,1.006,-0.199,0.108,19.460,5.180,-6.860,164.000
1734657936.570139,0.985,-0.183,0.140,10.010,5.740,-6.160,190.000
1734657936.5721402,0.973,-0.146,0.183,-0.210,11.480,-7.490,210.000
1734657936.7505195,0.963,-0.141,0.158,-3.290,14.910,-13.860,0.000
1734657936.8094301,0.980,-0.117,0.167,-0.490,7.070,-10.850,214.000
1734657936.8712332,0.967,-0.179,0.161,2.590,10.570,-9.590,203.000
1734657936.8731985,0.926,-0.087,0.388,-4.410,8.610,-3.850,0.000
1734657936.8742073,0.907,-0.097,0.393,-2.240,10.430,-2.800,183.000
1734657936.8752296,0.926,-0.039,0.406,7.140,1.470,-3.570,134.000
